260%Complex systems engineering: multi-scale collective construction in artificial insects%7%Engineering and Control of Self-Organization%129%Invited Talk e-session%Advanced Introduction invited talk%1%[11,19]%[11,19]%
300%Collective construction%7%Engineering and Control of Self-Organization%129%Invited Talk e-session%Advanced Introduction invited talk%%%%
301%Decentralized sensor networks%7%Engineering and Control of Self-Organization%129%Invited Talk e-session%Advanced Introduction invited talk%10%[10,12],[22,24]%[2,4],[8,12]%
361%Artificial chemistries%7%Engineering and Control of Self-Organization%129%Invited Talk e-session%Advanced Introduction invited talk%2%[7,10]%[13,21]%
362%Autonomic computing: autonomic management in open multi-objective computing networks%7%Engineering and Control of Self-Organization%129%Invited Talk e-session%Advanced Introduction invited talk%%%%
407%Evolutionary collective robotics: embodied evolution and lifelong learning%7%Engineering and Control of Self-Organization%129%Invited Talk e-session%Advanced Introduction invited talk%2%%[8,14]%
408%Guided self-organization: information dynamics of complex computation%7%Engineering and Control of Self-Organization%129%Invited Talk e-session%Advanced Introduction invited talk%10%%[1,2]%
409%Morphogenetic engineering:  toward programmable complex systems%7%Engineering and Control of Self-Organization%129%Invited Talk e-session%Advanced Introduction invited talk%2%[7,21]%[6,21]%
410%Organic computing%7%Engineering and Control of Self-Organization%129%Invited Talk e-session%Advanced Introduction invited talk%2%[7,16]%%
411%Pervasive adaptation: knowledge commons and design contractualism%7%Engineering and Control of Self-Organization%129%Invited Talk e-session%Advanced Introduction invited talk%0%[10,19]%[10,17]%
412%Swarm chemistry: guiding designs of self-organizing swarms%7%Engineering and Control of Self-Organization%129%Invited Talk e-session%Advanced Introduction invited talk%-7%%[17,24]%[1,3]
413%Synthetic biology: toward a behavior-matching genomic compiler of desired cell functions%7%Engineering and Control of Self-Organization%129%Invited Talk e-session%Advanced Introduction invited talk%%%%
437%Why Soft Robots are So Hard  -- an advanced introduction to soft and amorphous robotic systems.%7%Engineering and Control of Self-Organization%129%Invited Talk e-session%Advanced Introduction invited talk%-4%[14,21]%[13,20]%
438%Spatial computing: from interaction to computation%7%Engineering and Control of Self-Organization%129%Invited Talk e-session%Advanced Introduction invited talk%%%%
209%Transition from one superstatistics to another%8%Foundations of Complex Systems Science%126%Invited Talk e-session%Advanced Introduction invited talk%1%[7,9],[13,22]%[7,14],[18,22]%
211%On ubiquity of quasi-power law distributions%8%Foundations of Complex Systems Science%126%Invited Talk e-session%Advanced Introduction invited talk%2%[8,11],[13,16]%[8,11],[13,16]%
214%Groups, entropies and number theory%8%Foundations of Complex Systems Science%126%Invited Talk e-session%Advanced Introduction invited talk%2%[8,13]%[8,14]%
221%Selective altruism in collective games%8%Foundations of Complex Systems Science%126%Invited Talk e-session%Advanced Introduction invited talk%%%%
222%From brain activity to financial markets via complex systems science%8%Foundations of Complex Systems Science%126%Invited Talk e-session%Advanced Introduction invited talk%%%%
224%Central limit behavior in dissipative and conservative dynamical systems%8%Foundations of Complex Systems Science%126%Invited Talk e-session%Advanced Introduction invited talk%3%[9,17]%%
225%Cognitive capacity and earning capacity: tracing dynamics of inequality in complex systems%8%Foundations of Complex Systems Science%126%Invited Talk e-session%Advanced Introduction invited talk%%%%
234%Non extensive self-consistent thermodynamics%8%Foundations of Complex Systems Science%126%Invited Talk e-session%Advanced Introduction invited talk%-3%[13,15],[17,20]%[13,15],[17,20]%
235%Control of complex systems%8%Foundations of Complex Systems Science%126%Invited Talk e-session%Advanced Introduction invited talk%1%[15,17]%[8,10]%
252%From mechanical to biological oscillator networks%8%Foundations of Complex Systems Science%126%Invited Talk e-session%Advanced Introduction invited talk%3%[19,22]%%
256%Correlated systems and extensivity of entropy%8%Foundations of Complex Systems Science%126%Invited Talk e-session%Advanced Introduction invited talk%-3%%[14,16],[18,21]%
257%Entropy, earthquakes and tumors%8%Foundations of Complex Systems Science%126%Invited Talk e-session%Advanced Introduction invited talk%-5%[17,22]%[14,23]%
259%Economics meets cyber society: rational behaviour in the 21st century%8%Foundations of Complex Systems Science%126%Invited Talk e-session%Advanced Introduction invited talk%1%[13,19]%[11,17]%
281%How information comes to matter: bridging the foundations of complex systems in the natural/formal and human sciences%8%Foundations of Complex Systems Science%126%Invited Talk e-session%Advanced Introduction invited talk%%%%
297%Non-extensive statistical models of hadronization%8%Foundations of Complex Systems Science%128%Open e-session%Advanced Introduction invited talk%2%[8,15]%[8,16]%
323%Statistical mechanics for complex systems: Foundations and applications%8%Foundations of Complex Systems Science%126%Invited Talk e-session%Advanced Introduction invited talk%-3%[11,24]%[11,24]%
351%Multiscale dynamics and symmetries: multifractals and stochastic Lie algebra%8%Foundations of Complex Systems Science%126%Invited Talk e-session%Advanced Introduction invited talk%%%%
373%Big data and complex systems: towards a topological field theory of data%8%Foundations of Complex Systems Science%126%Invited Talk e-session%Advanced Introduction invited talk%-4%%[7,24]%[1,7]
374%Like bees and flowers: from mutualistic ecosystems to economic structures%8%Foundations of Complex Systems Science%126%Invited Talk e-session%Advanced Introduction invited talk%2%[7,18]%[7,18]%
401%Statistical physics and statistical inference%8%Foundations of Complex Systems Science%126%Invited Talk e-session%Advanced Introduction invited talk%%%%
443%The Brain at the Edge of Chaos%8%Foundations of Complex Systems Science%157%Hot Topics in the Study of Complex Systems in Asia%Advanced Introduction invited talk%%%%
444%China and Global Finance-Transformations of a Complex System%8%Foundations of Complex Systems Science%157%Hot Topics in the Study of Complex Systems in Asia%Advanced Introduction invited talk%%%%
445%Regime Shifts in the US Housing Market: Precursors and Energy Landscape%8%Foundations of Complex Systems Science%157%Hot Topics in the Study of Complex Systems in Asia%Advanced Introduction invited talk%%%%
446%Developing an Integrated Risk Governance Framework to Support Climate Adaptation Policy Making in China%8%Foundations of Complex Systems Science%157%Hot Topics in the Study of Complex Systems in Asia%Advanced Introduction invited talk%%%%
447%Optimal investment planning for improving highway network performance in the context of tropical cyclones%8%Foundations of Complex Systems Science%157%Hot Topics in the Study of Complex Systems in Asia%Advanced Introduction invited talk%%%%
448%Intervention of DeGroot Model based Opinion dynamics by Soft Control%8%Foundations of Complex Systems Science%157%Hot Topics in the Study of Complex Systems in Asia%Advanced Introduction invited talk%%%%
449%Concilience Degree: A New Angle to bridge Diversity Theory and May-Winger Theorem%8%Foundations of Complex Systems Science%157%Hot Topics in the Study of Complex Systems in Asia%Advanced Introduction invited talk%%%%
450%Identifying the representative works of scientists%8%Foundations of Complex Systems Science%157%Hot Topics in the Study of Complex Systems in Asia%Advanced Introduction invited talk%%%%
451%Investigation on coupled Social-Ecological Regime shifts in the Setting of Complex Social Interactions%8%Foundations of Complex Systems Science%157%Hot Topics in the Study of Complex Systems in Asia%Advanced Introduction invited talk%%%%
452%Exploring the patterns in the undergraduate curriculum from the perspective of networksAs time goes on, mountains of files recording undergraduate students' academic performance are left silently in the archive rooms of universities and colleges. How to a%8%Foundations of Complex Systems Science%157%Hot Topics in the Study of Complex Systems in Asia%Advanced Introduction invited talk%%%%
453%Ranking scientific publications with similarity-preferential mechanism%8%Foundations of Complex Systems Science%157%Hot Topics in the Study of Complex Systems in Asia%Advanced Introduction invited talk%%%%
454%Multi-agent model and mean field theory of complex auction dynamics%8%Foundations of Complex Systems Science%157%Hot Topics in the Study of Complex Systems in Asia%Advanced Introduction invited talk%%%%
17%A simple complex system insight into macroeconomics%12%From Fields to Territories to the Planet%84%Economics as a Complex Evolutionist System e-session%New Result invited paper%%%%
27%Foundation of CS-DC e-laboratory: Open Systems Exploration for Ecosystems Leveraging%12%From Fields to Territories to the Planet%82%Open Systems Exploration for Social-Ecological Sustainability e-session%Advanced Introduction invited talk%%%%
29%Open Systems Exploration -An Example with Ecosystems Management-%12%From Fields to Territories to the Planet%82%Open Systems Exploration for Social-Ecological Sustainability e-session%New Result invited paper%%%%
52%Modeling and performance evaluation of the intermodal freight transportation chain (door to door service)%12%From Fields to Territories to the Planet%86%Integrative Logistics e-session%New Result invited paper%%%%
58%Process Modeling of an International Transport Chain through the Simulation Tool SIMPROCESS%12%From Fields to Territories to the Planet%86%Integrative Logistics e-session%Short paper%%%%
76%Is the Lean Organisation a Complex System?%12%From Fields to Territories to the Planet%83%4P-Factories (e-lab) e-session%Short paper%%%%
83%An Artificial Immune Ecosystem model for hybrid cloud supervision%12%From Fields to Territories to the Planet%83%4P-Factories (e-lab) e-session%Short paper%2%[8,11],[13,16]%[8,11],[13,16]%
91%A study of heterogeneity in a stock market simulator based on a model of agents that learn from experience in a market with multiple stocks%12%From Fields to Territories to the Planet%84%Economics as a Complex Evolutionist System e-session%Full paper%%%%
105%Designing a dashboard for evaluating the performance of urban transport : Case of Balanced Scorecard%12%From Fields to Territories to the Planet%86%Integrative Logistics e-session%New Result invited paper%1%[14,17]%%
117%A corridor study of multimodal transport of merchandise%12%From Fields to Territories to the Planet%86%Integrative Logistics e-session%New Result invited paper%%%%
134%Optimizing Multimodal Interisland Freight Transport Network Modeling Using Genetic Algorithm-Based Procedures for Archipelagic Region in Indonesia%12%From Fields to Territories to the Planet%86%Integrative Logistics e-session%New Result invited paper%%%%
139%DYNAMIC EMISSIONS REDUCTION FROM VEHICLES WITH  TECHNICAL AND BEHAVIORAL APPROACH%12%From Fields to Territories to the Planet%86%Integrative Logistics e-session%Short paper%%%%
140%IMPROVEMENT OF THE BAGGAGE HANDLING SYSTEM AT AIRPORT%12%From Fields to Territories to the Planet%86%Integrative Logistics e-session%New Result invited paper%%%%
163%Contribution to the Development of a Logistics Audit Approach%12%From Fields to Territories to the Planet%86%Integrative Logistics e-session%Advanced Introduction invited talk%%%%
178%Logistics and Territory;integrative approach%12%From Fields to Territories to the Planet%86%Integrative Logistics e-session%Full paper%%%%
189%PLM (Product Lifecycle Management): a key to manage supply chain complexity%12%From Fields to Territories to the Planet%86%Integrative Logistics e-session%New Result invited paper%%%%
192%Shall The Traffic Separation Scheme (TSS) at Sunda strait implemented to reduce the occurrence of ship accidents?%12%From Fields to Territories to the Planet%88%Engineering of Territory Sustainability e-session%New Result invited paper%%%%
202%Matrimonial patterns and trans-ethnic entities%12%From Fields to Territories to the Planet%147%Social Patterns in Multicultural Environments%Short paper%2%[8,11],[14,18]%[8,11],[14,18]%
219%Why the complex systems approach represents a paradigm shift in economics%12%From Fields to Territories to the Planet%84%Economics as a Complex Evolutionist System e-session%Advanced Introduction invited talk%%%%
228%Models with heterogeneous interacting agents%12%From Fields to Territories to the Planet%84%Economics as a Complex Evolutionist System e-session%New Result invited paper%%%%
231%Macroeconomics as complex system with heterogenous interacting agents%12%From Fields to Territories to the Planet%84%Economics as a Complex Evolutionist System e-session%Advanced Introduction invited talk%9%[9,17]%%
242%Are innovation systems complex systems?%12%From Fields to Territories to the Planet%84%Economics as a Complex Evolutionist System e-session%Short paper%%%%
270%Big Data, Human trace ad Profiling%12%From Fields to Territories to the Planet%76%Human-Trace e-session%Advanced Introduction invited talk%%%%
272%The Traces of Homo Ludens%12%From Fields to Territories to the Planet%76%Human-Trace e-session%Advanced Introduction invited talk%%%%
273%The Explosion of Questions posed by the Paradigm of Human-Trace%12%From Fields to Territories to the Planet%76%Human-Trace e-session%Advanced Introduction invited talk%%%%
277%Territory as narrative%12%From Fields to Territories to the Planet%88%Engineering of Territory Sustainability e-session%Advanced Introduction invited talk%%%%
322%Spatialisation of Soil Erosion Susceptibility Using USLE Model%12%From Fields to Territories to the Planet%88%Engineering of Territory Sustainability e-session%Poster%%%%
327%Comparison of single and multiplex patent networks%12%From Fields to Territories to the Planet%80%Territorial Intelligence for Multi-level Equity and Sustainability e-session%Advanced Introduction invited talk%%%%
328%Randomized models and algorithms for complex interactions in multilevel networks%12%From Fields to Territories to the Planet%80%Territorial Intelligence for Multi-level Equity and Sustainability e-session%Advanced Introduction invited talk%%%%
330%Territorial  glocalization%12%From Fields to Territories to the Planet%80%Territorial Intelligence for Multi-level Equity and Sustainability e-session%Advanced Introduction invited talk%%%%
331%Scaling laws in Chinese urban system in light of harmonized data%12%From Fields to Territories to the Planet%80%Territorial Intelligence for Multi-level Equity and Sustainability e-session%Advanced Introduction invited talk%-7%[15,24]%[1,2],[15,24]%
341%Sustainable territorial development based on innovative exploring of local talents%12%From Fields to Territories to the Planet%88%Engineering of Territory Sustainability e-session%Advanced Introduction invited talk%0%[16,21]%[9,11],[15,20]%
344%Schematizing territories using Q-analysis and category theory%12%From Fields to Territories to the Planet%88%Engineering of Territory Sustainability e-session%Advanced Introduction invited talk%%%%
381%xx%12%From Fields to Territories to the Planet%80%Territorial Intelligence for Multi-level Equity and Sustainability e-session%Advanced Introduction invited talk%%%%
398%Building and exploring systems of cities models via high performance computing%12%From Fields to Territories to the Planet%80%Territorial Intelligence for Multi-level Equity and Sustainability e-session%Advanced Introduction invited talk%2%[8,18]%[9,13],[14,19]%
439%Scaling Laws in Urban Evolution: A Construction in Territorial Intelligence%12%From Fields to Territories to the Planet%80%Territorial Intelligence for Multi-level Equity and Sustainability e-session%Advanced Introduction invited talk%%%%
440%The City as Maximization of Interactions: The Role of Networks? Local Density in the Position of Cities in Globalization%12%From Fields to Territories to the Planet%80%Territorial Intelligence for Multi-level Equity and Sustainability e-session%Advanced Introduction invited talk%-7%[14,24]%[1,7]%
455%Scaling laws to explore innovative behavior of transnational investment%12%From Fields to Territories to the Planet%80%Territorial Intelligence for Multi-level Equity and Sustainability e-session%Advanced Introduction invited talk%%%%
11%Modelling of continuous and categorical decision-making behavior in sailing%11%From Individual to Social Cognition%94%Ecological Approach of Sport and Sport Education e-session%Advanced Introduction invited talk%%%%
39%Ecological Dynamics: a theoretical framework for understanding sport performance, physical education and physical activity%11%From Individual to Social Cognition%94%Ecological Approach of Sport and Sport Education e-session%Full paper%%%%
44%Flexible perception-action strategies for follow-the-leader coordination%11%From Individual to Social Cognition%94%Ecological Approach of Sport and Sport Education e-session%Poster%%%%
45%THOUGHTS EMERGE FROM TASK, PERSONAL AND ENVIRONMENTAL CONSTRAINTS DURING EXERCISE%11%From Individual to Social Cognition%94%Ecological Approach of Sport and Sport Education e-session%New Result invited paper%%%%
49%A simple paradigm for nooconomics, the economy of knowledge%11%From Individual to Social Cognition%34%Invited Talk e-session%New Result invited paper%%%%
59%On the multiscale synergy of the Blue Economy in terms of knowledge flow%11%From Individual to Social Cognition%95%Interdisciplinary Studies of Synergy e-session%Advanced Introduction invited talk%%%%
66%Complexity and decision making%11%From Individual to Social Cognition%101%Neuroscience and Behavior e-session%Advanced Introduction invited talk%-4%[7,9],[20,24]%[8,9],[20,24]%[1,7]
90%The other way around: from performance to competence in second language acquisition%11%From Individual to Social Cognition%93%Integrative Science of Education e-session%Advanced Introduction invited talk%%%%
101%Synergy motors the evolutionary dynamics in biology and economics%11%From Individual to Social Cognition%95%Interdisciplinary Studies of Synergy e-session%Advanced Introduction invited talk%%%%
104%FROM INDIVIDUAL TO SOCIAL COGNITION: PIAGET, JUNG AND COMMONS%11%From Individual to Social Cognition%102%Open e-session%Full paper%-3%[10,17]%[10,17]%
110%Exploring the synergy between motorists and motorcyclists in urban mobilization%11%From Individual to Social Cognition%95%Interdisciplinary Studies of Synergy e-session%Advanced Introduction invited talk%%%%
115%Implications of Agent-Based Computational Modeling and Simulation for  Preventive Education in Children with ADHD%11%From Individual to Social Cognition%93%Integrative Science of Education e-session%Short paper%%%%
118%Backstroke start performance prediction%11%From Individual to Social Cognition%94%Ecological Approach of Sport and Sport Education e-session%Poster%%%%
121%POEM-COPA Collaborative Open Peer Assessment%11%From Individual to Social Cognition%93%Integrative Science of Education e-session%Full paper%%%%
122%From spikes to cognitive automata in neural assembly computing%11%From Individual to Social Cognition%101%Neuroscience and Behavior e-session%Advanced Introduction invited talk%-3%[12,22]%[12,22]%
123%Optimal teaching to infer the nature of the human learner and knowledge organisation%11%From Individual to Social Cognition%93%Integrative Science of Education e-session%Advanced Introduction invited talk%1%[12,23]%[12,23]%
147%Emerging dance movements under ecological constraints in Contact Improvisation dancers with different background%11%From Individual to Social Cognition%94%Ecological Approach of Sport and Sport Education e-session%Short paper%2%[7,13],[16,19]%[7,20]%
156%Synergetic Economics. Scientifical Approaches of Synergistic Economic Networks and Systems%11%From Individual to Social Cognition%95%Interdisciplinary Studies of Synergy e-session%Advanced Introduction invited talk%%%%
167%Emerging collective shared behaviors from individual exploration in football small-sided games%11%From Individual to Social Cognition%94%Ecological Approach of Sport and Sport Education e-session%Short paper%%%%
198%Adaptability in swimming pattern: how do swimmers adapt propulsive action as a function of speed?%11%From Individual to Social Cognition%94%Ecological Approach of Sport and Sport Education e-session%Short paper%%%%
218%The mind near the edge: A novel view of brain function%11%From Individual to Social Cognition%101%Neuroscience and Behavior e-session%Advanced Introduction invited talk%%%%
220%Autism Spectrum Disorder: From molecular level to development%11%From Individual to Social Cognition%101%Neuroscience and Behavior e-session%Advanced Introduction invited talk%-3%[20,23]%[18,24]%
227%Modeling the socio-semantic dynamics of scientific communities%11%From Individual to Social Cognition%98%Co-Evolution of Socio-Semantic Networks e-session%Advanced Introduction invited talk%2%[7,20]%[6,8],[12,20]%
238%DYNAMIC PROCESS OF PULMONARY DATA ANALYSIS: FROM THE ATHLETE MOUTH TO THE COACH HANDS%11%From Individual to Social Cognition%94%Ecological Approach of Sport and Sport Education e-session%Poster%%%%
239%MOOC as a Complex System%11%From Individual to Social Cognition%93%Integrative Science of Education e-session%Short paper%%%%
244%A Multi-Agent System Approach to Load-Balancing and Resource Allocation for Distributed Computing%11%From Individual to Social Cognition%99%From Processing Units to Computational Ecosystems to the Cloud e-session%Full paper%%%%
269%Co-evolution of structures and dynamics: network models and applications%11%From Individual to Social Cognition%98%Co-Evolution of Socio-Semantic Networks e-session%Advanced Introduction invited talk%-7%[17,24]%[1,5]%[1,5]
274%Effects of prior knowledge in learning by problem solving%11%From Individual to Social Cognition%92%Integrative Individual Cognitive Science e-session%Advanced Introduction invited talk%0%[14,17]%%
276%Advanced model-driven engineering%11%From Individual to Social Cognition%92%Integrative Individual Cognitive Science e-session%Advanced Introduction invited talk%0%[16,19]%[16,19]%
278%The ECNG Interdisciplinary Research: Education, Cognition, Neuroscience, and Gene%11%From Individual to Social Cognition%92%Integrative Individual Cognitive Science e-session%Advanced Introduction invited talk%8%[7,10]%[9,11]%[1,4]
279%Building News Timelines: from short term to long term memory%11%From Individual to Social Cognition%92%Integrative Individual Cognitive Science e-session%Advanced Introduction invited talk%2%[8,10],[12,15]%[8,10],[12,15]%
282%Organizing for Sustainability: An Architecture for Synergy%11%From Individual to Social Cognition%95%Interdisciplinary Studies of Synergy e-session%Advanced Introduction invited talk%%%%
304%A Synergy Approach to Living Systems%11%From Individual to Social Cognition%95%Interdisciplinary Studies of Synergy e-session%Advanced Introduction invited talk%Bainbridge Island%[15,18],[20,24]%[14,18],[20,24]%
306%Algorithmic complexity applied to psychology%11%From Individual to Social Cognition%92%Integrative Individual Cognitive Science e-session%Advanced Introduction invited talk%2%[7,21]%%
309%Learning to Manage Complex Systems: A Sailors Perspective on Agent Based Gaming%11%From Individual to Social Cognition%95%Interdisciplinary Studies of Synergy e-session%Advanced Introduction invited talk%%%%
350%The Neural Bases of Motor Syntaxes%11%From Individual to Social Cognition%101%Neuroscience and Behavior e-session%Advanced Introduction invited talk%-4%[16,20]%[12,17],[20,24]%
352%Social complexity: What connects us to the rest of nature%11%From Individual to Social Cognition%96%Social Psychology e-session%Advanced Introduction invited talk%%%%
364%Anthropological physics and social psychology in the critical research of networks%11%From Individual to Social Cognition%96%Social Psychology e-session%Advanced Introduction invited talk%%%%
377%Principles of Cognitive Computing : from simple heuristics to complex problem solving%11%From Individual to Social Cognition%92%Integrative Individual Cognitive Science e-session%Advanced Introduction invited talk%0%[13,16]%%
379%Consolidating user?s resource provisioning capabilities in cloud federations%11%From Individual to Social Cognition%99%From Processing Units to Computational Ecosystems to the Cloud e-session%Advanced Introduction invited talk%2%[7,11],[13,17]%[7,11],[13,17]%
392%Data Repositories and Science Gateways for Open Science%11%From Individual to Social Cognition%99%From Processing Units to Computational Ecosystems to the Cloud e-session%Advanced Introduction invited talk%%%%
400%HPC as a Service%11%From Individual to Social Cognition%99%From Processing Units to Computational Ecosystems to the Cloud e-session%Advanced Introduction invited talk%%%%
405%Temporal Correlation Between Stimulus And Response In Conductance-Based Integrate-and-Fire Networks%11%From Individual to Social Cognition%101%Neuroscience and Behavior e-session%New Result invited paper%%%%
414%Pavlovian Blindsight: A Neural Network Model%11%From Individual to Social Cognition%101%Neuroscience and Behavior e-session%Advanced Introduction invited talk%-5%[22,23]%[22,23]%
416%Exploring the Limits of Grammatical Agreement in Language%11%From Individual to Social Cognition%100%Evolution of Languages e-session%Advanced Introduction invited talk%%%%
417%A case study in the emergence of recursive phrase structure%11%From Individual to Social Cognition%100%Evolution of Languages e-session%New Result invited paper%%%%
418%A computational model of LGN-V1 dynamics and the emergence of gamma-band rhythms%11%From Individual to Social Cognition%101%Neuroscience and Behavior e-session%New Result invited paper%%%%
419%Language games for grammar emergence%11%From Individual to Social Cognition%100%Evolution of Languages e-session%Advanced Introduction invited talk%%%%
429%Multilevel alignment maintains language systematicity%11%From Individual to Social Cognition%100%Evolution of Languages e-session%Advanced Introduction invited talk%%%%
25%A cross-disciplinary view on phytoplankton blooms and their role in the ocean-atmosphere system%13%From Molecules to Ecosphere%73%Ocean Biogeochemical Dynamics e-session%Advanced Introduction invited talk%%%%
32%Multi-satellite approach to phytoplankton mesoscale biogeography in the Kerguelen region%13%From Molecules to Ecosphere%73%Ocean Biogeochemical Dynamics e-session%New Result invited paper%%%%
77%Direct investigation of ocean (sub)mesoscale processes: challenges and approaches%13%From Molecules to Ecosphere%73%Ocean Biogeochemical Dynamics e-session%Advanced Introduction invited talk%%%%
78%Frontal systems as mechanisms of fish aggregation%13%From Molecules to Ecosphere%73%Ocean Biogeochemical Dynamics e-session%Short paper%%%%
113%How does the ocean hemispheric asymmetry impact the climate system?%13%From Molecules to Ecosphere%73%Ocean Biogeochemical Dynamics e-session%New Result invited paper%-7%[20,24]%[17,23]%
142%Quantifying the complex nature of biological interactions in ephemeral oceanographic features - a top predator persepctive%13%From Molecules to Ecosphere%73%Ocean Biogeochemical Dynamics e-session%Advanced Introduction invited talk%%%%
180%Lagrangian approach to phytoplankton mesoscale biogeography in the Kerguelen region%13%From Molecules to Ecosphere%73%Ocean Biogeochemical Dynamics e-session%Poster%%%%
182%Lyapunov exponents and oceanic fronts%13%From Molecules to Ecosphere%73%Ocean Biogeochemical Dynamics e-session%Poster%%%%
212%Numerical Simulation studies of very large wind farms: working at the interface bridging engineering and geophysics%13%From Molecules to Ecosphere%36%Invited Talk e-session%Advanced Introduction invited talk%%%%
223%Fractal density and singularity analysis of extreme geo-processes%13%From Molecules to Ecosphere%36%Invited Talk e-session%Advanced Introduction invited talk%%%%
229%More accuracy with less precision: a new route to high resolution climate prediction%13%From Molecules to Ecosphere%36%Invited Talk e-session%Advanced Introduction invited talk%%%%
230%Large deviation theory and rare events for geophysical turbulent flows and climate dynamics%13%From Molecules to Ecosphere%36%Invited Talk e-session%Advanced Introduction invited talk%2%[7,21]%[7,21]%
233%Noise-induced regime transitions in atmospheric flow%13%From Molecules to Ecosphere%36%Invited Talk e-session%Advanced Introduction invited talk%1%[9,17]%[9,17]%
253%Fractional ensemble average governing equations of transport by time-space nonstationary stochastic fractional flow%13%From Molecules to Ecosphere%36%Invited Talk e-session%Advanced Introduction invited talk%-7%[7,9],[17,21],[22,24]%[1,2],[3,9],[17,21],[22,24]%[1,2],[3,7]
258%Along the rainfall-runoff chain: from greatest point rainfall scaling to global change attribution%13%From Molecules to Ecosphere%36%Invited Talk e-session%Advanced Introduction invited talk%%%%
324%Non-Gaussian and non-symmetric spatial dependence%13%From Molecules to Ecosphere%36%Invited Talk e-session%Advanced Introduction invited talk%%%%
194%Understanding and modelling the complexity of the immune system%10%From Molecules to Organisms and Ecosystems%115%From Antigens to Cognitive Immune System in Symbiotic Organisms e-session%Advanced Introduction invited talk%2%[8,20]%[9,20]%
210%Putting concepts and data together again: on some new integrative models in the era of big data%10%From Molecules to Organisms and Ecosystems%33%Invited Talk e-session%Advanced Introduction invited talk%2%[7,20]%%
215%Physiological complexity and evolution in theoretical biology%10%From Molecules to Organisms and Ecosystems%116%Theoretical Biology e-session%Advanced Introduction invited talk%1%[11,19]%[11,20]%
226%Ambient assisting living and biomedical sensors : architecture, communication and data fusion%10%From Molecules to Organisms and Ecosystems%33%Invited Talk e-session%Advanced Introduction invited talk%%%%
266%Immunoglobulins did not arise in evolution to fight infection%10%From Molecules to Organisms and Ecosystems%115%From Antigens to Cognitive Immune System in Symbiotic Organisms e-session%Advanced Introduction invited talk%2%[9,16]%[9,20]%
267%Complex systems view of renal function and the role of the kidney in whole body physiology%10%From Molecules to Organisms and Ecosystems%116%Theoretical Biology e-session%Advanced Introduction invited talk%2%%[8,16]%
268%Multiscale models of the immune response: consequences of early molecular events on the development of an efficient immune response%10%From Molecules to Organisms and Ecosystems%115%From Antigens to Cognitive Immune System in Symbiotic Organisms e-session%Advanced Introduction invited talk%2%[7,16]%[7,11]%
280%What makes a complex system vulnerable ?%10%From Molecules to Organisms and Ecosystems%115%From Antigens to Cognitive Immune System in Symbiotic Organisms e-session%Advanced Introduction invited talk%%%%
283%Somatic diversification of antigen receptors across metazoans: multiple solutions for individual and specific responses to bioaggressors.%10%From Molecules to Organisms and Ecosystems%115%From Antigens to Cognitive Immune System in Symbiotic Organisms e-session%Advanced Introduction invited talk%%%%
287%Evolution, development and molecules%10%From Molecules to Organisms and Ecosystems%33%Invited Talk e-session%Advanced Introduction invited talk%%%%
307%Digital health: where the individual drives precision medicine%10%From Molecules to Organisms and Ecosystems%117%e-Health e-session%Advanced Introduction invited talk%%%%
325%Multi-layer omic data integration underlies candidate biomarkers that predict the response to endurance exercise in horse%10%From Molecules to Organisms and Ecosystems%148%Organisms of agronomic interest e-session%Advanced Introduction invited talk%%%%
338%Collective cell migrations: guiding groups of cells.%10%From Molecules to Organisms and Ecosystems%33%Invited Talk e-session%Advanced Introduction invited talk%2%%[8,17]%
342%Multi-scale nonlinear and stochastic dynamics of traumatized nerve activity%10%From Molecules to Organisms and Ecosystems%121%Mathematical Modeling in Biological Complex Systems e-session%Advanced Introduction invited talk%-5%[9,10]%[12,23]%
343%Coarse analysis of complex systems by implicit methods%10%From Molecules to Organisms and Ecosystems%121%Mathematical Modeling in Biological Complex Systems e-session%Advanced Introduction invited talk%1%[10,18]%[10,18]%
346%The complex interplay between structure and function in the brain%10%From Molecules to Organisms and Ecosystems%121%Mathematical Modeling in Biological Complex Systems e-session%Advanced Introduction invited talk%2%[9,20]%[10,19]%
348%Is the selection for a long lived repertoire the same as that for a repertoire responding to acute disease? Thoughts on immune repertoire selection across multiple time scales.%10%From Molecules to Organisms and Ecosystems%115%From Antigens to Cognitive Immune System in Symbiotic Organisms e-session%Advanced Introduction invited talk%%%%
359%The Aryl hydrocarbon Receptor System%10%From Molecules to Organisms and Ecosystems%114%Integrative Ecotoxicology e-session%Advanced Introduction invited talk%%%%
360%How animal genomics can shed light on important biological mechanisms%10%From Molecules to Organisms and Ecosystems%148%Organisms of agronomic interest e-session%Advanced Introduction invited talk%2%[7,16]%%
367%Unravelling the Exposome through integrated exposure biology%10%From Molecules to Organisms and Ecosystems%33%Invited Talk e-session%Advanced Introduction invited talk%%%%
376%Unmasking the contribution of host genetics to infectious disease outbreaks%10%From Molecules to Organisms and Ecosystems%148%Organisms of agronomic interest e-session%Advanced Introduction invited talk%%%%
387%Physiological adaptation or pathological events: the case of the endocrine system%10%From Molecules to Organisms and Ecosystems%114%Integrative Ecotoxicology e-session%Advanced Introduction invited talk%%%%
390%Can we think more complex than plant root systems?%10%From Molecules to Organisms and Ecosystems%118%From Plant Cells to Plant Fields e-session%Advanced Introduction invited talk%2%[7,8],[11,14]%[6,17]%
399%Crop growth modelling in greenhouse production systems%10%From Molecules to Organisms and Ecosystems%118%From Plant Cells to Plant Fields e-session%Advanced Introduction invited talk%%%%
406%OMICS technologies to assess environmental chemicals: the Human Toxome%10%From Molecules to Organisms and Ecosystems%114%Integrative Ecotoxicology e-session%Advanced Introduction invited talk%%%%
433%Deciphering bacteria-host interaction by functional metagenomics%10%From Molecules to Organisms and Ecosystems%115%From Antigens to Cognitive Immune System in Symbiotic Organisms e-session%Advanced Introduction invited talk%%%%
441%Genetic approaches to investigate animal adaptation to climate change%10%From Molecules to Organisms and Ecosystems%148%Organisms of agronomic interest e-session%Advanced Introduction invited talk%%%%
456%A cybernetic framework for studying shoot-root coordinated development in grasses%10%From Molecules to Organisms and Ecosystems%118%From Plant Cells to Plant Fields e-session%Advanced Introduction invited talk%%%%
457%Modular individual tree models and forest dynamics%10%From Molecules to Organisms and Ecosystems%118%From Plant Cells to Plant Fields e-session%Advanced Introduction invited talk%%%%
458%Embracing complexity to understand/model plant structure and behavior%10%From Molecules to Organisms and Ecosystems%118%From Plant Cells to Plant Fields e-session%Advanced Introduction invited talk%%%%
35%Phase-field models for the growth and evolution of complex structures%9%From Particles to Complex Matter%106%Physics of Complex Systems e-session%Advanced Introduction invited talk%2%[9,11],[12,17]%[9,18]%
69%Localization of waves and vibrations in complex systems%9%From Particles to Complex Matter%106%Physics of Complex Systems e-session%Advanced Introduction invited talk%2%[7,13],[17,24]%[7,8],[13,24]%[1,2]
71%A general approach to the linear stability analysis of miscible viscous fingering in porous media%9%From Particles to Complex Matter%106%Physics of Complex Systems e-session%Short paper%5%[16,20]%[16,20]%
72%Dynamics of tubular precipitate growth in the copper-phosphate system%9%From Particles to Complex Matter%107%Chemical Garden e-session%New Result invited paper%%%%
75%Self-organization in the flow-driven copper-cobaltous-oxalate system%9%From Particles to Complex Matter%107%Chemical Garden e-session%New Result invited paper%%%%
80%Viscosity scaling in hydrodynamic instabilities in porous media%9%From Particles to Complex Matter%106%Physics of Complex Systems e-session%Short paper%5%[16,19]%[16,19]%
120%Coarse-grained molecular dynamics versus mesoscale (dynamic) density functional theory for copolymer-vesicle self-assembly. Case study: sterically stabilized liposomes.%9%From Particles to Complex Matter%105%Complex Chemistry e-session%New Result invited paper%%%%
193%Disordered actomyosin contracts in unexpected ways%9%From Particles to Complex Matter%106%Physics of Complex Systems e-session%Advanced Introduction invited talk%2%%[7,10],[13,15]%
204%Foundations of thermodynamics%9%From Particles to Complex Matter%103%Invited Talk e-session%Advanced Introduction invited talk%0%[7,24]%[1,24]%[1,7]
206%Correlations in time-sliced temporal networks%9%From Particles to Complex Matter%103%Invited Talk e-session%Advanced Introduction invited talk%%%%
207%Assembly of molecular metal oxides from the nano to the macroscale via chemical gardens%9%From Particles to Complex Matter%107%Chemical Garden e-session%Full paper%%%%
216%Entropies for severely contracted configuration space: dynamics at or near the onset of chaos%9%From Particles to Complex Matter%103%Invited Talk e-session%Advanced Introduction invited talk%-5%[16,21]%[16,21]%
254%Anomalous diffusion in volcanic seismicity%9%From Particles to Complex Matter%103%Invited Talk e-session%New Result invited paper%9%[7,10],[13,16]%[2,5],[7,10],[13,16]%
255%Rank-frequency relation for phonemes%9%From Particles to Complex Matter%103%Invited Talk e-session%Advanced Introduction invited talk%4%[7,19]%[7,18]%
296%Could life be simpler?%9%From Particles to Complex Matter%103%Invited Talk e-session%Advanced Introduction invited talk%9%[11,15]%[12,16]%
339%Monte Carlo simulation of one-dimensional lattice chains model for a predator prey system%9%From Particles to Complex Matter%103%Invited Talk e-session%Advanced Introduction invited talk%%%%
415%Realization of Novel Boolean Logic Operations and Reversible Logic gates in Modular Fluidic Devices%9%From Particles to Complex Matter%105%Complex Chemistry e-session%Advanced Introduction invited talk%-4%[12,16]%[13,22]%
291%Upcoming title%15%Keynotes%150%Plenary Keynotes%Plenary talk%%%%
292%World urban dynamics and climate change: towards territorial intelligence for ensuring sustainability and equity by multi-level governance%15%Keynotes%150%Plenary Keynotes%Plenary talk%%%%
294%Novel Statistical Physics Approaches to Understanding Economic Fluctuations%15%Keynotes%150%Plenary Keynotes%Plenary talk%%%%
295%Synergetics. An interdisciplinary approach to Self-organization in complex systems%15%Keynotes%150%Plenary Keynotes%Plenary talk%2%[14,18]%[14,18]%
18%Evolution to self-organized criticality in Balinese rice terraces%6%Multi-level Governance%53%Global systems science e-session%Advanced Introduction invited talk%%%%
21%Robustness, prevention, and resilience: design under uncertainty for complex engineering systems%6%Multi-level Governance%55%Robustness and prevention e-session%Advanced Introduction invited talk%-5%[15,24]%[14,19]%
133%Fundamental limitations in multiagent coordination%6%Multi-level Governance%55%Robustness and prevention e-session%Advanced Introduction invited talk%%%%
288%Open systems science:  a challenge to open systems problems%6%Multi-level Governance%50%Open Systems Exploration e-session%Advanced Introduction invited talk%%%%
289%Integration and application of potential museum collections of natural history disseminated on the Web for biodiversity data accumulation and public conservation awareness%6%Multi-level Governance%50%Open Systems Exploration e-session%New Result invited paper%%%%
290%Open science in the context of transdisciplinary research%6%Multi-level Governance%50%Open Systems Exploration e-session%Advanced Introduction invited talk%%%%
16%"Non-equilibrium Statistical Mechanics: a growing frontier of ""pure and applied"" theoretical physics"%5%Multi-level Modeling%43%Critical dynamics e-session%Advanced Introduction invited talk%-4%[14,16],[18,22]%[14,16],[18,22]%
135%Community detection as an efficient way to attack real networks%5%Multi-level Modeling%40%Statistical and dynamical properties of networks e-session%Short paper%%%%
285%Dynamical scaling far from equilibrium and physical ageing%5%Multi-level Modeling%43%Critical dynamics e-session%Advanced Introduction invited talk%%%%
375%Limited information and social constraints in network morphogenesis%5%Multi-level Modeling%38%Invited Talk e-session%Advanced Introduction invited talk%2%%[6,19]%[6,1]
37%Workflow-driven science for the synthesis of ecology, biology and ethnographic data%4%Reconstructing Multi-Scale Dynamics%66%Synthesis of Ecology, Biology and Ethnographic Data e-session%Advanced Introduction invited talk%%%%
42%Bayesian Causalities, Mappings, and Phylogenies: A Social Science Gateway for Modeling Complexity in Ethnographic, Archaeo-, Eco- and Bio-logical Variables%4%Reconstructing Multi-Scale Dynamics%66%Synthesis of Ecology, Biology and Ethnographic Data e-session%Short paper%%%%
43%Oscillatory Complexity in Human History: Earth?s asymmetric biogeography and ethnographic data%4%Reconstructing Multi-Scale Dynamics%66%Synthesis of Ecology, Biology and Ethnographic Data e-session%Short paper%%%%
48%Comparative study of Pastoral Tenure Systems%4%Reconstructing Multi-Scale Dynamics%66%Synthesis of Ecology, Biology and Ethnographic Data e-session%Advanced Introduction invited talk%-4%[17,24]%[18,23]%
63%A study of ethical problems from the perspective of complexity%4%Reconstructing Multi-Scale Dynamics%60%Epistemology of integrative and predictive sciences e-session%Advanced Introduction invited talk%%%%
65%Origin of Complex Society in the Early Holocene%4%Reconstructing Multi-Scale Dynamics%66%Synthesis of Ecology, Biology and Ethnographic Data e-session%Advanced Introduction invited talk%%%%
86%Exploring Ecological and Evolutionary Processes Using Binford's Hunter-gatherer Data%4%Reconstructing Multi-Scale Dynamics%66%Synthesis of Ecology, Biology and Ethnographic Data e-session%Advanced Introduction invited talk%-5%[13,15],[17,18],[20,24]%[1,3],[13,18],[21,24]%[1,2]
89%Can we evaluate a theory of non-linear transition from foraging to farming with ethnographic data?%4%Reconstructing Multi-Scale Dynamics%66%Synthesis of Ecology, Biology and Ethnographic Data e-session%Advanced Introduction invited talk%%%%
137%Towards an interdisciplinary epistemological view, bridging the human and the formal/natural sciences: any place in Complex Systems Science?%4%Reconstructing Multi-Scale Dynamics%60%Epistemology of integrative and predictive sciences e-session%Advanced Introduction invited talk%%%%
144%Analysis of a Planetary Scale Scientific Collaboration Dataset Reveals Novel Patterns%4%Reconstructing Multi-Scale Dynamics%62%Knowledge Maps e-session%Short paper%%%%
232%The traditions of complexity theories%4%Reconstructing Multi-Scale Dynamics%62%Knowledge Maps e-session%Advanced Introduction invited talk%9%[10,21]%[10,21]%
240%A formal model to compute uncertain continuous data%4%Reconstructing Multi-Scale Dynamics%65%Machine Learning Methods e-session%Short paper%%%%
249%Information Science and the complexity: are we orientated to a transdisciplinary science?%4%Reconstructing Multi-Scale Dynamics%60%Epistemology of integrative and predictive sciences e-session%Poster%%%%
263%Relative entropy as a functor%4%Reconstructing Multi-Scale Dynamics%123%Algebraic Topology and Information Theory%Advanced Introduction invited talk%1%[8,20]%[8,20]%
264%Information geometry and applied algebraic topology: multi-scale approaches in developmental biology%4%Reconstructing Multi-Scale Dynamics%123%Algebraic Topology and Information Theory%Advanced Introduction invited talk%-4%[9,19]%[7,19]%
265%Information topology, a mathematical theory of Complex Systems and data%4%Reconstructing Multi-Scale Dynamics%123%Algebraic Topology and Information Theory%Advanced Introduction invited talk%2%[9,20]%[10,20]%
314%Oscillatory Complexity in Human History: Earth?s asymmetric biogeography and ethnographic data%4%Reconstructing Multi-Scale Dynamics%66%Synthesis of Ecology, Biology and Ethnographic Data e-session%Advanced Introduction invited talk%%%%
326%Information-Theoretic Cheeger Inequalities%4%Reconstructing Multi-Scale Dynamics%123%Algebraic Topology and Information Theory%Advanced Introduction invited talk%2%[12,17]%[8,10],[11,16]%
335%In complex evolutionary systems, how do the moving parts move?%4%Reconstructing Multi-Scale Dynamics%67%Evolutionary computation methods e-session%Advanced Introduction invited talk%%%%
337%Cartesian Genetic Programming%4%Reconstructing Multi-Scale Dynamics%67%Evolutionary computation methods e-session%Advanced Introduction invited talk%%%%
345%Data-driven paradigms of EvoNN and BioGP%4%Reconstructing Multi-Scale Dynamics%67%Evolutionary computation methods e-session%New Result invited paper%%%%
356%Software is Not Fragile%4%Reconstructing Multi-Scale Dynamics%67%Evolutionary computation methods e-session%New Result invited paper%%%%
358%The performance of social computing%4%Reconstructing Multi-Scale Dynamics%67%Evolutionary computation methods e-session%Advanced Introduction invited talk%%%%
378%Reconstructing embryo development through maps of gene expression from microscopy images%4%Reconstructing Multi-Scale Dynamics%64%Multi-Level Computational Vision e-session%Advanced Introduction invited talk%-4%[12,24]%[12,19]%
380%"Multi-scale embryogenesis mechanics from ""in-vivo"" images"%4%Reconstructing Multi-Scale Dynamics%64%Multi-Level Computational Vision e-session%Advanced Introduction invited talk%2%[8,11],[15,20]%[8,12],[15,20]%
394%Automatic Programming via Evolution%4%Reconstructing Multi-Scale Dynamics%67%Evolutionary computation methods e-session%Advanced Introduction invited talk%-4%[20,23]%%
395%Evolutionary design of self-organising manufacturing systems%4%Reconstructing Multi-Scale Dynamics%67%Evolutionary computation methods e-session%Advanced Introduction invited talk%%%%
396%Analogical proportion and machine learning - An introductory survey.%4%Reconstructing Multi-Scale Dynamics%65%Machine Learning Methods e-session%Advanced Introduction invited talk%%%%
431%Using Commodity-Off-The-Shelf Robots (COTSBots) for Evolutionary Learning From Demonstration%4%Reconstructing Multi-Scale Dynamics%67%Evolutionary computation methods e-session%New Result invited paper%%%%
432%Community Detection: Are evolutionary algorithms comparable to standard machine learning methods?%4%Reconstructing Multi-Scale Dynamics%67%Evolutionary computation methods e-session%Advanced Introduction invited talk%%%%
368%Implementing artificial evolution on GPGPU-based computing eco-systems with the EASEA-CLOUD massively parallel platform%16%Round Tables, Tutorials and Young Researchers%125%Tutorials%Tutorial%%%%
369%Characterising human exploration behaviour%16%Round Tables, Tutorials and Young Researchers%155%Young Researchers e-session%Invited talk%%%%
370%TBA%16%Round Tables, Tutorials and Young Researchers%155%Young Researchers e-session%Invited talk%%%%
371%The molecular circuits of tissues and cell types in the human body%16%Round Tables, Tutorials and Young Researchers%155%Young Researchers e-session%Invited talk%-4%[13,24]%[13,24]%
372%Bringing density to link streams reveals meaningful groups in contact traces%16%Round Tables, Tutorials and Young Researchers%155%Young Researchers e-session%Invited talk%%%%
382%TBA%16%Round Tables, Tutorials and Young Researchers%125%Tutorials%Invited talk%%%%
383%TBA%16%Round Tables, Tutorials and Young Researchers%155%Young Researchers e-session%Invited talk%%%%
384%Quantifying crowd size with mobile phone and Twitter data%16%Round Tables, Tutorials and Young Researchers%155%Young Researchers e-session%Invited talk%0%[8,23]%[8,23]%
385%Virtual Collaborative Computational Science with R and Python%16%Round Tables, Tutorials and Young Researchers%125%Tutorials%Tutorial%%%%
386%Slow relaxation of memristive networks%16%Round Tables, Tutorials and Young Researchers%155%Young Researchers e-session%Invited talk%%%%
388%A Practical Introduction to the GAMA Agent-based Modeling Platform%16%Round Tables, Tutorials and Young Researchers%125%Tutorials%Tutorial%-7%[15,24]%[1,6],[15,24]%[1,5]
391%Globalisation and multilingualism &amp; multiculturalism%16%Round Tables, Tutorials and Young Researchers%156%Multilinguism in Digital World e-session%Invited talk%%%%
393%Using thousand of processors is a walk in the park (with OpenMOLE)%16%Round Tables, Tutorials and Young Researchers%125%Tutorials%Tutorial%2%[13,18]%[13,18]%
421%TBA%16%Round Tables, Tutorials and Young Researchers%155%Young Researchers e-session%Invited talk%%%%
422%Degree correlations in signed social networks%16%Round Tables, Tutorials and Young Researchers%155%Young Researchers e-session%Invited talk%%%%
423%Layered social influence promotes multiculturality%16%Round Tables, Tutorials and Young Researchers%155%Young Researchers e-session%Invited talk%%%%
424%Change in International Relations Theory: Introducing Complex Systems%16%Round Tables, Tutorials and Young Researchers%155%Young Researchers e-session%Invited talk%%%%
425%TBA%16%Round Tables, Tutorials and Young Researchers%155%Young Researchers e-session%Invited talk%%%%
426%Towards Social Networks from News Video Analysis%16%Round Tables, Tutorials and Young Researchers%155%Young Researchers e-session%Invited talk%%%%
427%LinkRbrain: Open data and integrative databases to understand the brain%16%Round Tables, Tutorials and Young Researchers%125%Tutorials%Tutorial%%%%
428%Exploring the English Language via Phonological Networks%16%Round Tables, Tutorials and Young Researchers%155%Young Researchers e-session%Invited talk%%%%
430%Empirical Analysis and Modeling of Urban Public Transport Network of So Paulo%16%Round Tables, Tutorials and Young Researchers%155%Young Researchers e-session%Invited talk%%%%
434%Incremental delta-cliques detection in link stream%16%Round Tables, Tutorials and Young Researchers%155%Young Researchers e-session%Invited talk%%%%
